<?xml version='1.0' encoding='utf-8' ?>
<Windows ClientWidth='1360' ClientHeight='574' xmlns='http://schemas.microsoft.com/office/visio/2012/main' xmlns:r='http://schemas.openxmlformats.org/officeDocument/2006/relationships' xml:space='preserve'><Window ID='0' WindowType='Drawing' WindowState='1073741824' WindowLeft='-8' WindowTop='-31' WindowWidth='1372' WindowHeight='613' ContainerType='Page' Page='4' ViewScale='1' ViewCenterX='6.4322916666667' ViewCenterY='0.890625'><ShowRulers>1</ShowRulers><ShowGrid>0</ShowGrid><ShowPageBreaks>1</ShowPageBreaks><ShowGuides>1</ShowGuides><ShowConnectionPoints>1</ShowConnectionPoints><GlueSettings>9</GlueSettings><SnapSettings>295</SnapSettings><SnapExtensions>34</SnapExtensions><SnapAngles/><DynamicGridEnabled>1</DynamicGridEnabled><TabSplitterPos>0.5</TabSplitterPos></Window><Window ID='1' WindowType='Stencil' WindowState='1025' WindowLeft='0' WindowTop='-10' WindowWidth='247' WindowHeight='567' Document='C:\Program Files\Microsoft Office\Office15\visio content\1033\BASIC_U.VSSX' ParentWindow='0'><StencilGroup>10</StencilGroup><StencilGroupPos>1</StencilGroupPos></Window><Window ID='2' WindowType='Stencil' WindowState='1025' WindowLeft='0' WindowTop='-10' WindowWidth='247' WindowHeight='567' Document='C:\Program Files\Microsoft Office\Office15\visio content\1033\ARROWS_U.VSSX' ParentWindow='0'><StencilGroup>10</StencilGroup><StencilGroupPos>2</StencilGroupPos></Window><Window ID='3' WindowType='Stencil' WindowState='1025' WindowLeft='0' WindowTop='-10' WindowWidth='247' WindowHeight='567' Document='C:\Program Files\Microsoft Office\Office15\visio content\1033\BA_DEC_U.VSSX' ParentWindow='0'><StencilGroup>10</StencilGroup><StencilGroupPos>3</StencilGroupPos></Window><Window ID='4' WindowType='Stencil' WindowState='1025' WindowLeft='0' WindowTop='-10' WindowWidth='247' WindowHeight='567' Document='C:\Program Files\Microsoft Office\Office15\visio content\1033\BA_GRP_U.VSSX' ParentWindow='0'><StencilGroup>10</StencilGroup><StencilGroupPos>4</StencilGroupPos></Window><Window ID='5' WindowType='Stencil' WindowState='67109889' WindowLeft='0' WindowTop='-10' WindowWidth='247' WindowHeight='567' Document='C:\Program Files\Microsoft Office\Office15\visio content\1033\BASFLO_U.VSSX' ParentWindow='0'><StencilGroup>10</StencilGroup><StencilGroupPos>5</StencilGroupPos></Window><Window ID='6' WindowType='Stencil' WindowState='1025' WindowLeft='0' WindowTop='-10' WindowWidth='247' WindowHeight='567' Document='C:\Program Files\Microsoft Office\Office15\visio content\1033\BLOCK_U.VSSX' ParentWindow='0'><StencilGroup>10</StencilGroup><StencilGroupPos>6</StencilGroupPos></Window><Window ID='7' WindowType='Stencil' WindowState='1025' WindowLeft='0' WindowTop='-10' WindowWidth='247' WindowHeight='567' Document='C:\Program Files\Microsoft Office\Office15\visio content\1033\WFOBME_U.VSSX' ParentWindow='0'><StencilGroup>10</StencilGroup><StencilGroupPos>7</StencilGroupPos></Window></Windows>