<?xml version='1.0' encoding='utf-8' ?>
<Pages xmlns='http://schemas.microsoft.com/office/visio/2012/main' xmlns:r='http://schemas.openxmlformats.org/officeDocument/2006/relationships' xml:space='preserve'><Page ID='0' NameU='Page-1' Name='Page-1' ViewScale='0.5' ViewCenterX='5.4895833333333' ViewCenterY='2.9166666666667'><PageSheet LineStyle='0' FillStyle='0' TextStyle='0'><Cell N='PageWidth' V='11' U='IN'/><Cell N='PageHeight' V='8.5' U='IN'/><Cell N='ShdwOffsetX' V='0.125' U='IN'/><Cell N='ShdwOffsetY' V='-0.125' U='IN'/><Cell N='PageScale' V='1' U='IN'/><Cell N='DrawingScale' V='1' U='IN_F'/><Cell N='DrawingSizeType' V='0'/><Cell N='DrawingScaleType' V='0'/><Cell N='InhibitSnap' V='0'/><Cell N='PageLockReplace' V='0' U='BOOL'/><Cell N='PageLockDuplicate' V='0' U='BOOL'/><Cell N='UIVisibility' V='0'/><Cell N='ShdwType' V='0'/><Cell N='ShdwObliqueAngle' V='0'/><Cell N='ShdwScaleFactor' V='1'/><Cell N='DrawingResizeType' V='1'/><Cell N='RouteStyle' V='1'/><Cell N='PageShapeSplit' V='1'/><Cell N='ColorSchemeIndex' V='33'/><Cell N='EffectSchemeIndex' V='33'/><Cell N='ConnectorSchemeIndex' V='33'/><Cell N='FontSchemeIndex' V='33'/><Cell N='ThemeIndex' V='33'/><Cell N='PageLeftMargin' V='0.25' U='IN'/><Cell N='PageRightMargin' V='0.25' U='IN'/><Cell N='PageTopMargin' V='0.25' U='IN'/><Cell N='PageBottomMargin' V='0.25' U='IN'/><Cell N='PrintPageOrientation' V='2'/><Section N='User'><Row N='msvThemeOrder'><Cell N='Value' V='0'/><Cell N='Prompt' V='' F='No Formula'/></Row></Section></PageSheet><Rel r:id='rId1'/></Page><Page ID='4' NameU='Page-2' Name='Page-2' ViewScale='1' ViewCenterX='6.4322916666667' ViewCenterY='0.890625'><PageSheet LineStyle='0' FillStyle='0' TextStyle='0'><Cell N='PageWidth' V='11' U='IN'/><Cell N='PageHeight' V='8.5' U='IN'/><Cell N='ShdwOffsetX' V='0.125' U='IN'/><Cell N='ShdwOffsetY' V='-0.125' U='IN'/><Cell N='PageScale' V='1' U='IN'/><Cell N='DrawingScale' V='1' U='IN_F'/><Cell N='DrawingSizeType' V='0'/><Cell N='DrawingScaleType' V='0'/><Cell N='InhibitSnap' V='0'/><Cell N='PageLockReplace' V='0' U='BOOL'/><Cell N='PageLockDuplicate' V='0' U='BOOL'/><Cell N='UIVisibility' V='0'/><Cell N='ShdwType' V='0'/><Cell N='ShdwObliqueAngle' V='0'/><Cell N='ShdwScaleFactor' V='1'/><Cell N='DrawingResizeType' V='1'/><Trigger N='ZOrderChanged'><RefBy T='Page' ID='4'/></Trigger><Cell N='PageLeftMargin' V='0.25' U='IN'/><Cell N='PageRightMargin' V='0.25' U='IN'/><Cell N='PageTopMargin' V='0.25' U='IN'/><Cell N='PageBottomMargin' V='0.25' U='IN'/><Cell N='PrintPageOrientation' V='2'/><Cell N='RouteStyle' V='1'/><Cell N='PageShapeSplit' V='1'/><Cell N='ColorSchemeIndex' V='33'/><Cell N='EffectSchemeIndex' V='33'/><Cell N='ConnectorSchemeIndex' V='33'/><Cell N='FontSchemeIndex' V='33'/><Cell N='ThemeIndex' V='33'/><Section N='User'><Row N='msvThemeOrder'><Cell N='Value' V='0'/><Cell N='Prompt' V='' F='No Formula'/></Row></Section><Section N='Layer'><Row IX='0'><Cell N='Name' V='Flowchart'/><Cell N='Color' V='255'/><Cell N='Status' V='0'/><Cell N='Visible' V='1'/><Cell N='Print' V='1'/><Cell N='Active' V='0'/><Cell N='Lock' V='0'/><Cell N='Snap' V='1'/><Cell N='Glue' V='1'/><Cell N='NameUniv' V='Flowchart'/><Cell N='ColorTrans' V='0'/></Row><Row IX='1'><Cell N='Name' V='Connector'/><Cell N='Color' V='255'/><Cell N='Status' V='0'/><Cell N='Visible' V='1'/><Cell N='Print' V='1'/><Cell N='Active' V='0'/><Cell N='Lock' V='0'/><Cell N='Snap' V='1'/><Cell N='Glue' V='1'/><Cell N='NameUniv' V='Connector'/><Cell N='ColorTrans' V='0'/></Row></Section></PageSheet><Rel r:id='rId2'/></Page></Pages>